<?xml version="1.0" encoding="UTF-8"?>
<beans xmlns:xsi="http://www.w3.org/2001/XMLSchema-instance"
       xmlns:context="http://www.springframework.org/schema/context"
       xmlns:task="http://www.springframework.org/schema/task"
       xmlns="http://www.springframework.org/schema/beans" xmlns:aop="http://www.springframework.org/schema/aop"
       xsi:schemaLocation="http://www.springframework.org/schema/beans
	http://www.springframework.org/schema/beans/spring-beans-3.1.xsd
	http://www.springframework.org/schema/context
	http://www.springframework.org/schema/context/spring-context-3.1.xsd
	http://www.springframework.org/schema/task
	http://www.springframework.org/schema/task/spring-task-3.1.xsd http://www.springframework.org/schema/aop http://www.springframework.org/schema/aop/spring-aop.xsd">

    <bean id="propertyConfigurer"
          class="org.springframework.beans.factory.config.PreferencesPlaceholderConfigurer">
        <property name="properties" ref="configProperties"/>
    </bean>

    <!-- 启用AspectJ对Annotation的支持 -->
    <aop:aspectj-autoproxy proxy-target-class="true" />

    <bean class="com.cnlive.mam.common.fastjson.FastJsonEnumDBSupportManager" init-method="init" lazy-init="false" />
    <bean class="com.cnlive.mam.common.log.LogConfig" init-method="reload">
        <constructor-arg>
            <value>classpath:${logbackConfFile}</value>
        </constructor-arg>
    </bean>

    <context:annotation-config/>
    <context:component-scan base-package="com.cnlive.mam.common.utils"/>
    <context:component-scan base-package="com.cnlive.mam.condition" />
    <context:component-scan base-package="com.cnlive.mam.model"/>
    <context:component-scan base-package="com.cnlive.mam.serviceImpl"/>
    <context:component-scan base-package="com.cnlive.mam.service"/>
    <context:component-scan base-package="com.cnlive.mam.vo"/>
    <context:component-scan base-package="com.cnlive.mam.cache"/>
    <context:component-scan base-package="com.cnlive.mam.aspect"/>
    <import resource="applicationContext-dataSource.xml"/>
    <import resource="applicationContext-dubbo.xml"/>
    <import resource="service-provider.xml" />
    <import resource="spring-redis.xml"/>
    
    <!-- 定义易受环境影响的变量 -->
    <beans profile="local">
        <bean id="configProperties"
              class="org.springframework.beans.factory.config.PropertiesFactoryBean">
            <property name="locations">
                <list>
                    <value>local/application.properties</value>
                    <value>dubbo.properties</value>
                </list>
            </property>
        </bean>
    </beans>
    <beans profile="test">
        <bean id="configProperties"
              class="org.springframework.beans.factory.config.PropertiesFactoryBean">
            <property name="locations">
                <list>
                    <value>test/application.properties</value>
                    <value>dubbo.properties</value>
                </list>
            </property>
        </bean>
    </beans>
    <beans profile="prod">
        <bean id="configProperties"
              class="org.springframework.beans.factory.config.PropertiesFactoryBean">
            <property name="locations">
                <list>
                    <value>prod/application.properties</value>
                    <value>dubbo.properties</value>
                </list>
            </property>
        </bean>
    </beans>
</beans>
