<?xml version="1.0" encoding="UTF-8"?>
<beans xmlns:xsi="http://www.w3.org/2001/XMLSchema-instance"
       xmlns:tx="http://www.springframework.org/schema/tx" xmlns="http://www.springframework.org/schema/beans"
       xsi:schemaLocation="http://www.springframework.org/schema/beans
           http://www.springframework.org/schema/beans/spring-beans-3.0.xsd http://www.springframework.org/schema/tx http://www.springframework.org/schema/tx/spring-tx.xsd">
    <description>数据源配置</description>

    <!-- 自动扫描Mapper包，注册Mapper方式:使用自动扫描包的方式来注册各种Mapper -->
    <bean class="org.mybatis.spring.mapper.MapperScannerConfigurer">
        <property name="basePackage" value="com.cnlive.mam.mapper"/>
    </bean>

    <bean id="sqlSessionFactory" class="org.mybatis.spring.SqlSessionFactoryBean">
        <property name="dataSource" ref="dataSource"/>
        <property name="typeAliasesPackage" value="com.cnlive.mam.model"/>
        <!-- 显式指定Mapper文件位置 -->
        <property name="configLocation" value="classpath:/mybatis/mybatis-config.xml" />
    </bean>


    <!-- mysql 数据源 -->
    <bean id="dataSource" class="com.alibaba.druid.pool.DruidDataSource" init-method="init" destroy-method="close">
        <property name="url" value="${db.url}"/>
        <property name="username" value="${db.username}"/>
        <property name="password" value="${db.password}"/>

        <property name="filters" value="slf4j"/>
        <!-- 定制化日志 -->
        <property name="proxyFilters">
            <list>
                <ref bean="stat-filter"/>
            </list>
        </property>

        <property name="maxActive" value="${db.maxActive}"/>
        <property name="initialSize" value="1"/>
        <property name="maxWait" value="60000"/>
        <property name="minIdle" value="1"/>

        <property name="timeBetweenEvictionRunsMillis" value="3000"/>
        <property name="minEvictableIdleTimeMillis" value="300000"/>

        <property name="validationQuery" value="SELECT 'x'"/>
        <property name="testWhileIdle" value="true"/>
        <property name="testOnBorrow" value="false"/>
        <property name="testOnReturn" value="false"/>

        <property name="poolPreparedStatements" value="true"/>
        <property name="maxPoolPreparedStatementPerConnectionSize" value="20"/>
    </bean>
    <bean id="stat-filter" class="com.alibaba.druid.filter.stat.StatFilter">
        <property name="slowSqlMillis" value="2000"/>
        <property name="logSlowSql" value="true"/>
    </bean>
    <bean id="log-filter" class="com.alibaba.druid.filter.logging.Slf4jLogFilter">
        <property name="dataSourceLogEnabled" value="true"/>
        <property name="connectionLogEnabled" value="true"/>
        <property name="connectionLogErrorEnabled" value="true"/>
        <property name="statementLogEnabled" value="true"/>
        <property name="statementLogErrorEnabled" value="true"/>
        <property name="resultSetLogEnabled" value="true"/>
        <property name="statementExecutableSqlLogEnable" value="true"/>
    </bean>
    <!-- 事务管理器配置,单数据源事务 -->
    <tx:annotation-driven transaction-manager="transactionManager"/>
    <bean id="transactionManager"
          class="org.springframework.jdbc.datasource.DataSourceTransactionManager">
        <property name="dataSource" ref="dataSource"/>
    </bean>
</beans>