<?xml version="1.0" encoding="UTF-8"?>
<configuration scan="true" scanPeriod="30 seconds">
    <substitutionProperty name="log.base" value="/Users/zhagnxiaobin/work/cnlive/video/mam-customweb" />
     <appender name="STDOUT" class="ch.qos.logback.core.ConsoleAppender">
    <encoder>
      <pattern>%d{HH:mm:ss.SSS} [%thread] %-5level %logger{36} - %msg%n</pattern>
    </encoder>
  </appender>
    
    <appender name="FILE" class="ch.qos.logback.core.rolling.RollingFileAppender">
        <File>${log.base}/main.log</File>
        <rollingPolicy class="ch.qos.logback.core.rolling.TimeBasedRollingPolicy">
            <FileNamePattern>
                ${log.base}/main.%d{yyyy-MM-dd}.log
            </FileNamePattern>
            <maxHistory>30</maxHistory>
        </rollingPolicy>
        <encoder>
            <Pattern>[%d{yyyyMMdd HH:mm:ss}] [%level] [%logger{0}][%L] [SeqId:%X{SeqId}] - %msg%n</Pattern>
        </encoder>
    </appender>

    <root level="info">
        <appender-ref ref="STDOUT"/>
        <appender-ref ref="FILE"/>
    </root>


</configuration>