<?xml version="1.0" encoding="UTF-8"?>
<configuration scan="true" scanPeriod="30 seconds">
    <substitutionProperty name="log.base" value="d:/cnlive/logs/mam-webinnerapi" />
    <appender name="file" class="ch.qos.logback.core.rolling.RollingFileAppender">
        <File>${log.base}/main.log</File>
        <rollingPolicy class="ch.qos.logback.core.rolling.TimeBasedRollingPolicy">
            <FileNamePattern>
                ${log.base}/main.%d{yyyy-MM-dd}.log
            </FileNamePattern>
            <maxHistory>30</maxHistory>
        </rollingPolicy>
        <encoder>
            <Pattern>[%d{yyyyMMdd HH:mm:ss}] [%level] [%logger{0}][%L] [SeqId:%X{SeqId}] - %msg%n</Pattern>
        </encoder>
    </appender>
    
    <appender name="Console" class="ch.qos.logback.core.ConsoleAppender">
        <encoder>
            <Pattern>[%d{yyyyMMdd HH:mm:ss}] [%level] [%logger{0}][%L] [SeqId:%X{SeqId}] - %msg%n</Pattern>
        </encoder>
    </appender>

    <appender name="mainQueueAppender" class="ch.qos.logback.classic.AsyncAppender" >
        <queueSize>500</queueSize>
        <appender-ref ref="main"/>
        <discardingThreshold>0</discardingThreshold>
    </appender>
    <root level="info">
        <appender-ref ref="mainQueueAppender"/>
        <appender-ref ref="Console" />
    </root>

</configuration>