<?xml version="1.0" encoding="UTF-8"?>
<project name="module_mam-adminweb" default="compile.module.mam-adminweb">
  <dirname property="module.mam-adminweb.basedir" file="${ant.file.module_mam-adminweb}"/>
  
  <property name="module.jdk.home.mam-adminweb" value="${project.jdk.home}"/>
  <property name="module.jdk.bin.mam-adminweb" value="${project.jdk.bin}"/>
  <property name="module.jdk.classpath.mam-adminweb" value="${project.jdk.classpath}"/>
  
  <property name="compiler.args.mam-adminweb" value="-encoding UTF-8 -source 8 -target 1.8 ${compiler.args}"/>
  
  <property name="mam-adminweb.output.dir" value="${module.mam-adminweb.basedir}/target/classes"/>
  <property name="mam-adminweb.testoutput.dir" value="${module.mam-adminweb.basedir}/target/test-classes"/>
  
  <path id="mam-adminweb.module.bootclasspath">
    <!-- Paths to be included in compilation bootclasspath -->
  </path>
  
  <path id="mam-adminweb.module.production.classpath">
    <path refid="${module.jdk.classpath.mam-adminweb}"/>
  </path>
  
  <path id="mam-adminweb.runtime.production.module.classpath">
    <pathelement location="${mam-adminweb.output.dir}"/>
  </path>
  
  <path id="mam-adminweb.module.classpath">
    <path refid="${module.jdk.classpath.mam-adminweb}"/>
    <pathelement location="${mam-adminweb.output.dir}"/>
    <path refid="library.maven:_junit:junit:4.11.classpath"/>
    <path refid="library.maven:_org.hamcrest:hamcrest-core:1.3.classpath"/>
  </path>
  
  <path id="mam-adminweb.runtime.module.classpath">
    <pathelement location="${mam-adminweb.testoutput.dir}"/>
    <pathelement location="${mam-adminweb.output.dir}"/>
    <path refid="library.maven:_junit:junit:4.11.classpath"/>
    <path refid="library.maven:_org.hamcrest:hamcrest-core:1.3.classpath"/>
  </path>
  
  
  <patternset id="excluded.from.module.mam-adminweb">
    <patternset refid="ignored.files"/>
  </patternset>
  
  <patternset id="excluded.from.compilation.mam-adminweb">
    <patternset refid="compiler.excluded"/>
    <patternset refid="excluded.from.module.mam-adminweb"/>
  </patternset>
  
  
  <target name="compile.module.mam-adminweb" depends="compile.module.mam-adminweb.production,compile.module.mam-adminweb.tests" description="Compile module mam-adminweb"/>
  
  <target name="compile.module.mam-adminweb.production" depends="register.custom.compilers" description="Compile module mam-adminweb; production classes"/>
  
  <target name="compile.module.mam-adminweb.tests" depends="register.custom.compilers,compile.module.mam-adminweb.production" description="compile module mam-adminweb; test classes" unless="skip.tests"/>
  
  <target name="clean.module.mam-adminweb" description="cleanup module">
    <delete dir="${mam-adminweb.output.dir}"/>
    <delete dir="${mam-adminweb.testoutput.dir}"/>
  </target>
</project>