<?xml version="1.0" encoding="UTF-8"?>
<project name="module_mam-common" default="compile.module.mam-common">
  <dirname property="module.mam-common.basedir" file="${ant.file.module_mam-common}"/>
  
  <property name="module.jdk.home.mam-common" value="${project.jdk.home}"/>
  <property name="module.jdk.bin.mam-common" value="${project.jdk.bin}"/>
  <property name="module.jdk.classpath.mam-common" value="${project.jdk.classpath}"/>
  
  <property name="compiler.args.mam-common" value="-encoding UTF-8 -source 8 -target 1.8 ${compiler.args}"/>
  
  <property name="mam-common.output.dir" value="${module.mam-common.basedir}/target/classes"/>
  <property name="mam-common.testoutput.dir" value="${module.mam-common.basedir}/target/test-classes"/>
  
  <path id="mam-common.module.bootclasspath">
    <!-- Paths to be included in compilation bootclasspath -->
  </path>
  
  <path id="mam-common.module.production.classpath">
    <path refid="${module.jdk.classpath.mam-common}"/>
    <path refid="library.maven:_commons-lang:commons-lang:2.6.classpath"/>
    <path refid="library.maven:_com.alibaba:fastjson:1.2.28.classpath"/>
    <path refid="library.maven:_org.apache.httpcomponents:httpclient:4.5.2.classpath"/>
    <path refid="library.maven:_org.apache.httpcomponents:httpcore:4.4.4.classpath"/>
    <path refid="library.maven:_commons-logging:commons-logging:1.1.1.classpath"/>
    <path refid="library.maven:_commons-codec:commons-codec:1.9.classpath"/>
    <path refid="library.maven:_com.alibaba:dubbo:2.5.3.classpath"/>
    <path refid="library.maven:_org.javassist:javassist:3.15.0-ga.classpath"/>
    <path refid="library.maven:_org.springframework:spring-core:4.2.1.release.classpath"/>
    <path refid="library.maven:_org.springframework:spring-beans:4.2.1.release.classpath"/>
    <path refid="library.maven:_org.springframework:spring-context:4.2.1.release.classpath"/>
    <path refid="library.maven:_org.springframework:spring-expression:4.2.1.release.classpath"/>
    <path refid="library.maven:_org.springframework:spring-jdbc:4.2.1.release.classpath"/>
    <path refid="library.maven:_org.springframework:spring-tx:4.2.1.release.classpath"/>
    <path refid="library.maven:_org.springframework:spring-test:4.2.1.release.classpath"/>
    <path refid="library.maven:_org.mybatis:mybatis:3.2.8.classpath"/>
    <path refid="library.maven:_org.mybatis:mybatis-spring:1.2.2.classpath"/>
    <path refid="library.maven:_com.googlecode.xmemcached:xmemcached:1.4.3.classpath"/>
    <path refid="library.maven:_com.alibaba:druid:1.0.18.classpath"/>
    <pathelement location="${basedir}/../../../Program Files/Java/jdk1.8.0_20/lib/jconsole.jar"/>
    <pathelement location="${basedir}/../../../Program Files/Java/jdk1.8.0_20/lib/tools.jar"/>
    <path refid="library.maven:_mysql:mysql-connector-java:5.1.34.classpath"/>
    <path refid="library.maven:_com.101tec:zkclient:0.8.classpath"/>
    <path refid="library.maven:_org.apache.zookeeper:zookeeper:3.4.8.classpath"/>
    <path refid="library.maven:_jline:jline:0.9.94.classpath"/>
    <path refid="library.maven:_io.netty:netty:3.10.5.final.classpath"/>
    <path refid="library.maven:_org.slf4j:log4j-over-slf4j:1.7.5.classpath"/>
    <path refid="library.maven:_org.apache.qpid:qpid-client:0.24.classpath"/>
    <path refid="library.maven:_org.apache.qpid:qpid-common:0.24.classpath"/>
    <path refid="library.maven:_org.perf4j:perf4j:0.9.16.classpath"/>
    <path refid="library.maven:_org.slf4j:slf4j-api:1.7.5.classpath"/>
    <path refid="library.maven:_ch.qos.logback:logback-classic:1.0.13.classpath"/>
    <path refid="library.maven:_ch.qos.logback:logback-core:1.0.13.classpath"/>
    <path refid="library.maven:_ch.qos.logback:logback-access:1.0.13.classpath"/>
    <path refid="library.maven:_org.springframework:spring-webmvc:4.2.1.release.classpath"/>
    <path refid="library.maven:_org.springframework:spring-web:4.2.1.release.classpath"/>
    <path refid="library.maven:_javax.servlet:javax.servlet-api:3.1.0.classpath"/>
    <path refid="library.maven:_com.mortennobel:java-image-scaling:0.8.5.classpath"/>
    <path refid="library.maven:_com.jhlabs:filters:2.0.235.classpath"/>
    <path refid="library.maven:_org.logback-extensions:logback-ext-spring:0.1.4.classpath"/>
    <path refid="library.maven:_org.springframework:spring-aop:4.2.1.release.classpath"/>
    <path refid="library.maven:_aopalliance:aopalliance:1.0.classpath"/>
    <path refid="library.maven:_org.aspectj:aspectjweaver:1.8.6.classpath"/>
    <path refid="library.maven:_cglib:cglib-nodep:2.2.classpath"/>
    <path refid="library.maven:_commons-beanutils:commons-beanutils:1.9.2.classpath"/>
    <path refid="library.maven:_commons-collections:commons-collections:3.2.1.classpath"/>
    <path refid="library.maven:_com.google.guava:guava:18.0.classpath"/>
  </path>
  
  <path id="mam-common.runtime.production.module.classpath">
    <pathelement location="${mam-common.output.dir}"/>
    <path refid="library.maven:_commons-lang:commons-lang:2.6.classpath"/>
    <path refid="library.maven:_com.alibaba:fastjson:1.2.28.classpath"/>
    <path refid="library.maven:_org.apache.httpcomponents:httpclient:4.5.2.classpath"/>
    <path refid="library.maven:_org.apache.httpcomponents:httpcore:4.4.4.classpath"/>
    <path refid="library.maven:_commons-logging:commons-logging:1.1.1.classpath"/>
    <path refid="library.maven:_commons-codec:commons-codec:1.9.classpath"/>
    <path refid="library.maven:_com.alibaba:dubbo:2.5.3.classpath"/>
    <path refid="library.maven:_org.javassist:javassist:3.15.0-ga.classpath"/>
    <path refid="library.maven:_org.springframework:spring-core:4.2.1.release.classpath"/>
    <path refid="library.maven:_org.springframework:spring-beans:4.2.1.release.classpath"/>
    <path refid="library.maven:_org.springframework:spring-context:4.2.1.release.classpath"/>
    <path refid="library.maven:_org.springframework:spring-expression:4.2.1.release.classpath"/>
    <path refid="library.maven:_org.springframework:spring-jdbc:4.2.1.release.classpath"/>
    <path refid="library.maven:_org.springframework:spring-tx:4.2.1.release.classpath"/>
    <path refid="library.maven:_org.springframework:spring-test:4.2.1.release.classpath"/>
    <path refid="library.maven:_org.mybatis:mybatis:3.2.8.classpath"/>
    <path refid="library.maven:_org.mybatis:mybatis-spring:1.2.2.classpath"/>
    <path refid="library.maven:_com.googlecode.xmemcached:xmemcached:1.4.3.classpath"/>
    <path refid="library.maven:_com.alibaba:druid:1.0.18.classpath"/>
    <pathelement location="${basedir}/../../../Program Files/Java/jdk1.8.0_20/lib/jconsole.jar"/>
    <pathelement location="${basedir}/../../../Program Files/Java/jdk1.8.0_20/lib/tools.jar"/>
    <path refid="library.maven:_mysql:mysql-connector-java:5.1.34.classpath"/>
    <path refid="library.maven:_com.101tec:zkclient:0.8.classpath"/>
    <path refid="library.maven:_org.apache.zookeeper:zookeeper:3.4.8.classpath"/>
    <path refid="library.maven:_jline:jline:0.9.94.classpath"/>
    <path refid="library.maven:_io.netty:netty:3.10.5.final.classpath"/>
    <path refid="library.maven:_org.slf4j:log4j-over-slf4j:1.7.5.classpath"/>
    <path refid="library.maven:_org.apache.qpid:qpid-client:0.24.classpath"/>
    <path refid="library.maven:_org.apache.qpid:qpid-common:0.24.classpath"/>
    <path refid="library.maven:_org.perf4j:perf4j:0.9.16.classpath"/>
    <path refid="library.maven:_org.slf4j:slf4j-api:1.7.5.classpath"/>
    <path refid="library.maven:_ch.qos.logback:logback-classic:1.0.13.classpath"/>
    <path refid="library.maven:_ch.qos.logback:logback-core:1.0.13.classpath"/>
    <path refid="library.maven:_ch.qos.logback:logback-access:1.0.13.classpath"/>
    <path refid="library.maven:_org.springframework:spring-webmvc:4.2.1.release.classpath"/>
    <path refid="library.maven:_org.springframework:spring-web:4.2.1.release.classpath"/>
    <path refid="library.maven:_com.mortennobel:java-image-scaling:0.8.5.classpath"/>
    <path refid="library.maven:_com.jhlabs:filters:2.0.235.classpath"/>
    <path refid="library.maven:_org.logback-extensions:logback-ext-spring:0.1.4.classpath"/>
    <path refid="library.maven:_org.springframework:spring-aop:4.2.1.release.classpath"/>
    <path refid="library.maven:_aopalliance:aopalliance:1.0.classpath"/>
    <path refid="library.maven:_org.aspectj:aspectjweaver:1.8.6.classpath"/>
    <path refid="library.maven:_cglib:cglib-nodep:2.2.classpath"/>
    <path refid="library.maven:_commons-beanutils:commons-beanutils:1.9.2.classpath"/>
    <path refid="library.maven:_commons-collections:commons-collections:3.2.1.classpath"/>
    <path refid="library.maven:_com.google.guava:guava:18.0.classpath"/>
  </path>
  
  <path id="mam-common.module.classpath">
    <path refid="${module.jdk.classpath.mam-common}"/>
    <pathelement location="${mam-common.output.dir}"/>
    <path refid="library.maven:_junit:junit:4.11.classpath"/>
    <path refid="library.maven:_org.hamcrest:hamcrest-core:1.3.classpath"/>
    <path refid="library.maven:_commons-lang:commons-lang:2.6.classpath"/>
    <path refid="library.maven:_com.alibaba:fastjson:1.2.28.classpath"/>
    <path refid="library.maven:_org.apache.httpcomponents:httpclient:4.5.2.classpath"/>
    <path refid="library.maven:_org.apache.httpcomponents:httpcore:4.4.4.classpath"/>
    <path refid="library.maven:_commons-logging:commons-logging:1.1.1.classpath"/>
    <path refid="library.maven:_commons-codec:commons-codec:1.9.classpath"/>
    <path refid="library.maven:_com.alibaba:dubbo:2.5.3.classpath"/>
    <path refid="library.maven:_org.javassist:javassist:3.15.0-ga.classpath"/>
    <path refid="library.maven:_org.springframework:spring-core:4.2.1.release.classpath"/>
    <path refid="library.maven:_org.springframework:spring-beans:4.2.1.release.classpath"/>
    <path refid="library.maven:_org.springframework:spring-context:4.2.1.release.classpath"/>
    <path refid="library.maven:_org.springframework:spring-expression:4.2.1.release.classpath"/>
    <path refid="library.maven:_org.springframework:spring-jdbc:4.2.1.release.classpath"/>
    <path refid="library.maven:_org.springframework:spring-tx:4.2.1.release.classpath"/>
    <path refid="library.maven:_org.springframework:spring-test:4.2.1.release.classpath"/>
    <path refid="library.maven:_org.mybatis:mybatis:3.2.8.classpath"/>
    <path refid="library.maven:_org.mybatis:mybatis-spring:1.2.2.classpath"/>
    <path refid="library.maven:_com.googlecode.xmemcached:xmemcached:1.4.3.classpath"/>
    <path refid="library.maven:_com.alibaba:druid:1.0.18.classpath"/>
    <pathelement location="${basedir}/../../../Program Files/Java/jdk1.8.0_20/lib/jconsole.jar"/>
    <pathelement location="${basedir}/../../../Program Files/Java/jdk1.8.0_20/lib/tools.jar"/>
    <path refid="library.maven:_mysql:mysql-connector-java:5.1.34.classpath"/>
    <path refid="library.maven:_com.101tec:zkclient:0.8.classpath"/>
    <path refid="library.maven:_org.apache.zookeeper:zookeeper:3.4.8.classpath"/>
    <path refid="library.maven:_jline:jline:0.9.94.classpath"/>
    <path refid="library.maven:_io.netty:netty:3.10.5.final.classpath"/>
    <path refid="library.maven:_org.slf4j:log4j-over-slf4j:1.7.5.classpath"/>
    <path refid="library.maven:_org.apache.qpid:qpid-client:0.24.classpath"/>
    <path refid="library.maven:_org.apache.qpid:qpid-common:0.24.classpath"/>
    <path refid="library.maven:_org.perf4j:perf4j:0.9.16.classpath"/>
    <path refid="library.maven:_org.slf4j:slf4j-api:1.7.5.classpath"/>
    <path refid="library.maven:_ch.qos.logback:logback-classic:1.0.13.classpath"/>
    <path refid="library.maven:_ch.qos.logback:logback-core:1.0.13.classpath"/>
    <path refid="library.maven:_ch.qos.logback:logback-access:1.0.13.classpath"/>
    <path refid="library.maven:_org.springframework:spring-webmvc:4.2.1.release.classpath"/>
    <path refid="library.maven:_org.springframework:spring-web:4.2.1.release.classpath"/>
    <path refid="library.maven:_javax.servlet:javax.servlet-api:3.1.0.classpath"/>
    <path refid="library.maven:_com.mortennobel:java-image-scaling:0.8.5.classpath"/>
    <path refid="library.maven:_com.jhlabs:filters:2.0.235.classpath"/>
    <path refid="library.maven:_org.logback-extensions:logback-ext-spring:0.1.4.classpath"/>
    <path refid="library.maven:_org.springframework:spring-aop:4.2.1.release.classpath"/>
    <path refid="library.maven:_aopalliance:aopalliance:1.0.classpath"/>
    <path refid="library.maven:_org.aspectj:aspectjweaver:1.8.6.classpath"/>
    <path refid="library.maven:_cglib:cglib-nodep:2.2.classpath"/>
    <path refid="library.maven:_commons-beanutils:commons-beanutils:1.9.2.classpath"/>
    <path refid="library.maven:_commons-collections:commons-collections:3.2.1.classpath"/>
    <path refid="library.maven:_com.google.guava:guava:18.0.classpath"/>
  </path>
  
  <path id="mam-common.runtime.module.classpath">
    <pathelement location="${mam-common.testoutput.dir}"/>
    <pathelement location="${mam-common.output.dir}"/>
    <path refid="library.maven:_junit:junit:4.11.classpath"/>
    <path refid="library.maven:_org.hamcrest:hamcrest-core:1.3.classpath"/>
    <path refid="library.maven:_commons-lang:commons-lang:2.6.classpath"/>
    <path refid="library.maven:_com.alibaba:fastjson:1.2.28.classpath"/>
    <path refid="library.maven:_org.apache.httpcomponents:httpclient:4.5.2.classpath"/>
    <path refid="library.maven:_org.apache.httpcomponents:httpcore:4.4.4.classpath"/>
    <path refid="library.maven:_commons-logging:commons-logging:1.1.1.classpath"/>
    <path refid="library.maven:_commons-codec:commons-codec:1.9.classpath"/>
    <path refid="library.maven:_com.alibaba:dubbo:2.5.3.classpath"/>
    <path refid="library.maven:_org.javassist:javassist:3.15.0-ga.classpath"/>
    <path refid="library.maven:_org.springframework:spring-core:4.2.1.release.classpath"/>
    <path refid="library.maven:_org.springframework:spring-beans:4.2.1.release.classpath"/>
    <path refid="library.maven:_org.springframework:spring-context:4.2.1.release.classpath"/>
    <path refid="library.maven:_org.springframework:spring-expression:4.2.1.release.classpath"/>
    <path refid="library.maven:_org.springframework:spring-jdbc:4.2.1.release.classpath"/>
    <path refid="library.maven:_org.springframework:spring-tx:4.2.1.release.classpath"/>
    <path refid="library.maven:_org.springframework:spring-test:4.2.1.release.classpath"/>
    <path refid="library.maven:_org.mybatis:mybatis:3.2.8.classpath"/>
    <path refid="library.maven:_org.mybatis:mybatis-spring:1.2.2.classpath"/>
    <path refid="library.maven:_com.googlecode.xmemcached:xmemcached:1.4.3.classpath"/>
    <path refid="library.maven:_com.alibaba:druid:1.0.18.classpath"/>
    <pathelement location="${basedir}/../../../Program Files/Java/jdk1.8.0_20/lib/jconsole.jar"/>
    <pathelement location="${basedir}/../../../Program Files/Java/jdk1.8.0_20/lib/tools.jar"/>
    <path refid="library.maven:_mysql:mysql-connector-java:5.1.34.classpath"/>
    <path refid="library.maven:_com.101tec:zkclient:0.8.classpath"/>
    <path refid="library.maven:_org.apache.zookeeper:zookeeper:3.4.8.classpath"/>
    <path refid="library.maven:_jline:jline:0.9.94.classpath"/>
    <path refid="library.maven:_io.netty:netty:3.10.5.final.classpath"/>
    <path refid="library.maven:_org.slf4j:log4j-over-slf4j:1.7.5.classpath"/>
    <path refid="library.maven:_org.apache.qpid:qpid-client:0.24.classpath"/>
    <path refid="library.maven:_org.apache.qpid:qpid-common:0.24.classpath"/>
    <path refid="library.maven:_org.perf4j:perf4j:0.9.16.classpath"/>
    <path refid="library.maven:_org.slf4j:slf4j-api:1.7.5.classpath"/>
    <path refid="library.maven:_ch.qos.logback:logback-classic:1.0.13.classpath"/>
    <path refid="library.maven:_ch.qos.logback:logback-core:1.0.13.classpath"/>
    <path refid="library.maven:_ch.qos.logback:logback-access:1.0.13.classpath"/>
    <path refid="library.maven:_org.springframework:spring-webmvc:4.2.1.release.classpath"/>
    <path refid="library.maven:_org.springframework:spring-web:4.2.1.release.classpath"/>
    <path refid="library.maven:_javax.servlet:javax.servlet-api:3.1.0.classpath"/>
    <path refid="library.maven:_com.mortennobel:java-image-scaling:0.8.5.classpath"/>
    <path refid="library.maven:_com.jhlabs:filters:2.0.235.classpath"/>
    <path refid="library.maven:_org.logback-extensions:logback-ext-spring:0.1.4.classpath"/>
    <path refid="library.maven:_org.springframework:spring-aop:4.2.1.release.classpath"/>
    <path refid="library.maven:_aopalliance:aopalliance:1.0.classpath"/>
    <path refid="library.maven:_org.aspectj:aspectjweaver:1.8.6.classpath"/>
    <path refid="library.maven:_cglib:cglib-nodep:2.2.classpath"/>
    <path refid="library.maven:_commons-beanutils:commons-beanutils:1.9.2.classpath"/>
    <path refid="library.maven:_commons-collections:commons-collections:3.2.1.classpath"/>
    <path refid="library.maven:_com.google.guava:guava:18.0.classpath"/>
  </path>
  
  
  <patternset id="excluded.from.module.mam-common">
    <patternset refid="ignored.files"/>
  </patternset>
  
  <patternset id="excluded.from.compilation.mam-common">
    <patternset refid="compiler.excluded"/>
    <patternset refid="excluded.from.module.mam-common"/>
  </patternset>
  
  <path id="mam-common.module.sourcepath">
    <dirset dir="${module.mam-common.basedir}">
      <include name="src/main/java"/>
    </dirset>
  </path>
  
  <path id="mam-common.module.test.sourcepath">
    <dirset dir="${module.mam-common.basedir}">
      <include name="src/test/java"/>
    </dirset>
  </path>
  
  
  <target name="compile.module.mam-common" depends="compile.module.mam-common.production,compile.module.mam-common.tests" description="Compile module mam-common"/>
  
  <target name="compile.module.mam-common.production" depends="register.custom.compilers" description="Compile module mam-common; production classes">
    <mkdir dir="${mam-common.output.dir}"/>
    <javac2 destdir="${mam-common.output.dir}" debug="${compiler.debug}" nowarn="${compiler.generate.no.warnings}" memorymaximumsize="${compiler.max.memory}" fork="true" executable="${module.jdk.bin.mam-common}/javac">
      <compilerarg line="${compiler.args.mam-common}"/>
      <bootclasspath refid="mam-common.module.bootclasspath"/>
      <classpath refid="mam-common.module.production.classpath"/>
      <src refid="mam-common.module.sourcepath"/>
      <patternset refid="excluded.from.compilation.mam-common"/>
    </javac2>
    
    <copy todir="${mam-common.output.dir}">
      <fileset dir="${module.mam-common.basedir}/src/main/java">
        <patternset refid="compiler.resources"/>
        <type type="file"/>
        <patternset refid="excluded.from.compilation.mam-common"/>
      </fileset>
    </copy>
  </target>
  
  <target name="compile.module.mam-common.tests" depends="register.custom.compilers,compile.module.mam-common.production" description="compile module mam-common; test classes" unless="skip.tests">
    <mkdir dir="${mam-common.testoutput.dir}"/>
    <javac2 destdir="${mam-common.testoutput.dir}" debug="${compiler.debug}" nowarn="${compiler.generate.no.warnings}" memorymaximumsize="${compiler.max.memory}" fork="true" executable="${module.jdk.bin.mam-common}/javac">
      <compilerarg line="${compiler.args.mam-common}"/>
      <bootclasspath refid="mam-common.module.bootclasspath"/>
      <classpath refid="mam-common.module.classpath"/>
      <src refid="mam-common.module.test.sourcepath"/>
      <patternset refid="excluded.from.compilation.mam-common"/>
    </javac2>
    
    <copy todir="${mam-common.testoutput.dir}">
      <fileset dir="${module.mam-common.basedir}/src/test/java">
        <patternset refid="compiler.resources"/>
        <type type="file"/>
        <patternset refid="excluded.from.compilation.mam-common"/>
      </fileset>
    </copy>
  </target>
  
  <target name="clean.module.mam-common" description="cleanup module">
    <delete dir="${mam-common.output.dir}"/>
    <delete dir="${mam-common.testoutput.dir}"/>
  </target>
</project>