<?xml version="1.0" encoding="UTF-8"?>
<beans xmlns="http://www.springframework.org/schema/beans"
       xmlns:mvc="http://www.springframework.org/schema/mvc"
       xmlns:xsi="http://www.w3.org/2001/XMLSchema-instance"
       xmlns:context="http://www.springframework.org/schema/context"
       xmlns:aop="http://www.springframework.org/schema/aop"
       xsi:schemaLocation="http://www.springframework.org/schema/mvc http://www.springframework.org/schema/mvc/spring-mvc.xsd
		http://www.springframework.org/schema/beans http://www.springframework.org/schema/beans/spring-beans.xsd
		http://www.springframework.org/schema/context http://www.springframework.org/schema/context/spring-context.xsd
		http://www.springframework.org/schema/aop
        http://www.springframework.org/schema/aop/spring-aop-3.2.xsd">
    
    <!-- Enables the Spring MVC @Controller programming model -->
    <!-- register DefaultAnnotationHandlerMapping and AnnotationMethodHandlerAdapter instance <mvc:annotation-driven /> -->
    <bean class="org.springframework.web.servlet.mvc.method.annotation.RequestMappingHandlerMapping"/>
    <bean class="org.springframework.web.servlet.mvc.method.annotation.RequestMappingHandlerAdapter">
        <property name="messageConverters">
            <list>
                <ref bean="fastJsonHttpMessageConverter"/>
            </list>
        </property>

    </bean>

    <!-- 自动扫描controller包下的所有类，使其认为spring mvc的控制器 -->
    <context:component-scan base-package="com.cnlive.mam.controller" />

    <!-- 启用AspectJ对Annotation的支持 -->
    <aop:aspectj-autoproxy></aop:aspectj-autoproxy>

    <!-- 拦截器 -->
    <mvc:interceptors>
        <mvc:interceptor>
            <mvc:mapping path="/v1/**"/>
            <ref bean="signInterceptor"/>
        </mvc:interceptor>
    </mvc:interceptors>
    <bean id="signInterceptor" class="com.cnlive.mam.web.SignInterceptor" />

    <!-- Resolves views selected for rendering by @Controllers to .jsp resources
        in the /WEB-INF/views directory -->
    <bean
            class="org.springframework.web.servlet.view.InternalResourceViewResolver">
        <property name="prefix" value="/views/" />
        <property name="suffix" value=".jsp" />
    </bean>

    <bean id="multipartResolver" class="org.springframework.web.multipart.commons.CommonsMultipartResolver">
        <property name="defaultEncoding" value="utf-8"></property>
        <property name="maxUploadSize" value="32505856"></property>
        <property name="maxInMemorySize" value="40960"></property>
    </bean>
    <!-- 处理JSON数据转换的 -->
    <bean id="fastJsonHttpMessageConverter"
          class="com.alibaba.fastjson.support.spring.FastJsonHttpMessageConverter">
        <!-- 为了处理返回的JSON数据的编码，默认是ISO-88859-1的，这里把它设置为utf-8,解决有乱码的情况 -->
        <property name="supportedMediaTypes">
            <list>
                <value>text/html;charset=UTF-8</value><!-- 避免IE出现下载JSON文件的情况 -->
                <value>application/json</value>
                <value>application/json;charset=UTF-8</value>
            </list>
        </property>
    </bean>
</beans>
