<?xml version="1.0" encoding="UTF-8"?>
<beans xmlns="http://www.springframework.org/schema/beans"
       xmlns:xsi="http://www.w3.org/2001/XMLSchema-instance"
       xmlns:context="http://www.springframework.org/schema/context"
       xmlns:task="http://www.springframework.org/schema/task"
       xsi:schemaLocation="http://www.springframework.org/schema/beans
http://www.springframework.org/schema/beans/spring-beans-3.1.xsd
http://www.springframework.org/schema/context
http://www.springframework.org/schema/context/spring-context-3.1.xsd
http://www.springframework.org/schema/task
http://www.springframework.org/schema/task/spring-task-3.1.xsd">


    <bean id="propertyConfigurer"
          class="org.springframework.beans.factory.config.PreferencesPlaceholderConfigurer" >
        <property name="properties" ref="configProperties"/>
    </bean>
    <bean class="com.cnlive.mam.common.fastjson.FastJsonEnumDBSupportManager" init-method="init" lazy-init="false" />



    <import resource="applicationContext-dubbo.xml"/>
    <import resource="service-consumer.xml"/>

    <!-- Root Context: defines shared resources visible to all other web components -->
    <!-- bean annotation driven -->
    <context:annotation-config/>

    <context:component-scan base-package="com.cnlive.mam"/>

   
    <!-- 定义易受环境影响的变量 -->
    <beans profile="local">
        <bean id="configProperties"
              class="org.springframework.beans.factory.config.PropertiesFactoryBean">
            <property name="fileEncoding" value="utf-8" />
            <property name="locations">
                <list>
                    <value>WEB-INF/conf/local/application.properties</value>
                </list>
            </property>
        </bean>
    </beans>
    <beans profile="test">
        <bean id="configProperties"
              class="org.springframework.beans.factory.config.PropertiesFactoryBean">
            <property name="fileEncoding" value="utf-8" />
            <property name="locations" >
                <list>
                    <value>WEB-INF/conf/test/application.properties</value>
                </list>
            </property>
        </bean>
    </beans>
    <beans profile="prod">
        <bean id="configProperties"
              class="org.springframework.beans.factory.config.PropertiesFactoryBean">
            <property name="fileEncoding" value="utf-8" />
            <property name="locations">
                <list>
                    <value>WEB-INF/conf/prod/application.properties</value>
                </list>
            </property>
        </bean>
    </beans>
</beans>
