<?xml version="1.0" encoding="UTF-8"?>
<!--
 - Copyright 1999-2011 Alibaba Group.
 -
 - Licensed under the Apache License, Version 2.0 (the "License");
 - you may not use this file except in compliance with the License.
 - You may obtain a copy of the License at
 -
 -      http://www.apache.org/licenses/LICENSE-2.0
 -
 - Unless required by applicable law or agreed to in writing, software
 - distributed under the License is distributed on an "AS IS" BASIS,
 - WITHOUT WARRANTIES OR CONDITIONS OF ANY KIND, either express or implied.
 - See the License for the specific language governing permissions and
 - limitations under the License.
-->
<beans xmlns:xsi="http://www.w3.org/2001/XMLSchema-instance"
       xmlns:dubbo="http://code.alibabatech.com/schema/dubbo"
       xmlns="http://www.springframework.org/schema/beans"
       xsi:schemaLocation="http://www.springframework.org/schema/beans http://www.springframework.org/schema/beans/spring-beans-2.5.xsd
	http://code.alibabatech.com/schema/dubbo http://code.alibabatech.com/schema/dubbo/dubbo.xsd">

    <dubbo:registry protocol="zookeeper" address="${dubbo.protocol.zookeeper}" client="zkclient"
                    file="mam-webinnerapi.properties"/>

    <!-- 提供方应用信息，用于计算依赖关系 -->
    <dubbo:application name="${dubbo.application.name}" owner="${dubbo.application.owner}" logger="slf4j"/>


    <!-- 服务消费者缺省值配置  -->
    <dubbo:consumer  timeout="5000" retries="2" group="${dubbo.registry.group}"/>

    <!-- 视频依赖服务 -->
	<dubbo:reference id="videoService" interface="com.cnlive.mam.service.VideoService" >
		<dubbo:method name="save" retries="0" />
		<dubbo:method name="create" retries="0" />
		<dubbo:method name="modify" retries="0" />
	</dubbo:reference>
	
	<dubbo:reference id="fileService"  interface="com.cnlive.mam.service.FileService" >
		<dubbo:method name="save" retries="0"/>
		<dubbo:method name="create" retries="0" />
		<dubbo:method name="modify" retries="0" />
	</dubbo:reference>

	<!-- 视频转码定时任务依赖服务 -->
	<dubbo:reference id="transcodeTaskService" interface="com.cnlive.mam.service.TranscodeTaskService" >
		<dubbo:method name="delete" retries="0" />
		<dubbo:method name="modify" retries="0" />
		<dubbo:method name="create" retries="0" />
	</dubbo:reference>

	<!-- 视频转码任务记录依赖服务 -->
	<dubbo:reference id="transcodeHistoryService" interface="com.cnlive.mam.service.TranscodeHistoryService" >
		<dubbo:method name="create" retries="0" />
	</dubbo:reference>

	<dubbo:reference id="videoAuditService" interface="com.cnlive.mam.service.VideoAuditService" />

	<dubbo:reference id="customSpInfoService" interface="com.cnlive.mam.service.CustomSpInfoService"/>

	<dubbo:reference id="customService" interface="com.cnlive.mam.service.CustomService"/>

	<!-- 字典依赖服务 -->
	<dubbo:reference id="dictionaryService" interface="com.cnlive.mam.service.DictionaryService" />
	<!--全文检索-->
	<dubbo:reference id="solrRetrieveService" interface="com.cnlive.mam.service.SolrRetrieveService">
		<dubbo:method name="add" retries="5" />
	</dubbo:reference>

	<dubbo:reference id="customCategoryService" interface="com.cnlive.mam.service.CustomCategoryService" />

    <dubbo:reference id="albumService" interface="com.cnlive.mam.service.AlbumService"/>
	<dubbo:reference id="storageService" interface="com.cnlive.mam.service.StorageService"/>
	<dubbo:reference id="storageConfigsService" interface="com.cnlive.mam.service.StorageConfigsService"/>
</beans>