<?xml version="1.0" encoding="UTF-8"?>
<project name="module_mam-openapi" default="compile.module.mam-openapi">
  <dirname property="module.mam-openapi.basedir" file="${ant.file.module_mam-openapi}"/>
  
  <property name="module.jdk.home.mam-openapi" value="${project.jdk.home}"/>
  <property name="module.jdk.bin.mam-openapi" value="${project.jdk.bin}"/>
  <property name="module.jdk.classpath.mam-openapi" value="${project.jdk.classpath}"/>
  
  <property name="compiler.args.mam-openapi" value="-encoding UTF-8 -source 8 -target 1.8 ${compiler.args}"/>
  
  <property name="mam-openapi.output.dir" value="${module.mam-openapi.basedir}/target/classes"/>
  <property name="mam-openapi.testoutput.dir" value="${module.mam-openapi.basedir}/target/test-classes"/>
  
  <path id="mam-openapi.module.bootclasspath">
    <!-- Paths to be included in compilation bootclasspath -->
  </path>
  
  <path id="mam-openapi.module.production.classpath">
    <path refid="${module.jdk.classpath.mam-openapi}"/>
  </path>
  
  <path id="mam-openapi.runtime.production.module.classpath">
    <pathelement location="${mam-openapi.output.dir}"/>
  </path>
  
  <path id="mam-openapi.module.classpath">
    <path refid="${module.jdk.classpath.mam-openapi}"/>
    <pathelement location="${mam-openapi.output.dir}"/>
    <path refid="library.maven:_junit:junit:4.11.classpath"/>
    <path refid="library.maven:_org.hamcrest:hamcrest-core:1.3.classpath"/>
  </path>
  
  <path id="mam-openapi.runtime.module.classpath">
    <pathelement location="${mam-openapi.testoutput.dir}"/>
    <pathelement location="${mam-openapi.output.dir}"/>
    <path refid="library.maven:_junit:junit:4.11.classpath"/>
    <path refid="library.maven:_org.hamcrest:hamcrest-core:1.3.classpath"/>
  </path>
  
  
  <patternset id="excluded.from.module.mam-openapi">
    <patternset refid="ignored.files"/>
  </patternset>
  
  <patternset id="excluded.from.compilation.mam-openapi">
    <patternset refid="compiler.excluded"/>
    <patternset refid="excluded.from.module.mam-openapi"/>
  </patternset>
  
  
  <target name="compile.module.mam-openapi" depends="compile.module.mam-openapi.production,compile.module.mam-openapi.tests" description="Compile module mam-openapi"/>
  
  <target name="compile.module.mam-openapi.production" depends="register.custom.compilers" description="Compile module mam-openapi; production classes"/>
  
  <target name="compile.module.mam-openapi.tests" depends="register.custom.compilers,compile.module.mam-openapi.production" description="compile module mam-openapi; test classes" unless="skip.tests"/>
  
  <target name="clean.module.mam-openapi" description="cleanup module">
    <delete dir="${mam-openapi.output.dir}"/>
    <delete dir="${mam-openapi.testoutput.dir}"/>
  </target>
</project>