<?xml version="1.0" encoding="UTF-8"?>
<beans xmlns="http://www.springframework.org/schema/beans"
	   xmlns:mvc="http://www.springframework.org/schema/mvc" xmlns:xsi="http://www.w3.org/2001/XMLSchema-instance"
	   xmlns:context="http://www.springframework.org/schema/context"
	   xmlns:aop="http://www.springframework.org/schema/aop"
	   xsi:schemaLocation="http://www.springframework.org/schema/mvc http://www.springframework.org/schema/mvc/spring-mvc.xsd
		http://www.springframework.org/schema/beans http://www.springframework.org/schema/beans/spring-beans.xsd
		http://www.springframework.org/schema/context http://www.springframework.org/schema/context/spring-context.xsd http://www.springframework.org/schema/aop http://www.springframework.org/schema/aop/spring-aop.xsd">

	<!-- 自动扫描controller包下的所有类，使其认为spring mvc的控制器 -->
	<context:component-scan base-package="com.cnlive.mam" />

	<!-- 启用AspectJ对Annotation的支持 -->
	<aop:aspectj-autoproxy proxy-target-class="true" />

	<!-- Spring MVC JSON配置 -->
	<bean class="org.springframework.web.servlet.mvc.annotation.AnnotationMethodHandlerAdapter">
		<property name="messageConverters">
			<list>
				<bean id="fastJsonHttpMessageConverter"
					class="com.alibaba.fastjson.support.spring.FastJsonHttpMessageConverter">
					<property name="supportedMediaTypes">
						<list>
							<value>text/html;charset=UTF-8</value><!-- 避免IE出现下载JSON文件的情况 -->
							<value>application/json</value>
						</list>
					</property>
				</bean>
			</list>
		</property>
	</bean>
	
	<bean class="org.springframework.web.servlet.view.InternalResourceViewResolver">
        <property name="prefix" value="/views" />
        <property name="suffix" value=".jsp" />
    </bean>
	
	 <bean id="multipartResolver" class="org.springframework.web.multipart.commons.CommonsMultipartResolver">
        <property name="defaultEncoding" value="utf-8"></property>   
        <property name="maxUploadSize" value="32505856"></property>  
        <property name="maxInMemorySize" value="40960"></property>  
   </bean>  
</beans>
