<?xml version="1.0" encoding="UTF-8"?>
<beans xmlns="http://www.springframework.org/schema/beans"
	xmlns:util="http://www.springframework.org/schema/util" xmlns:aop="http://www.springframework.org/schema/aop"
	xmlns:xsi="http://www.w3.org/2001/XMLSchema-instance"
	xsi:schemaLocation="
       http://www.springframework.org/schema/beans http://www.springframework.org/schema/beans/spring-beans.xsd
       http://www.springframework.org/schema/util http://www.springframework.org/schema/util/spring-util.xsd"
	default-lazy-init="true">
	<bean id="shiroFilter" class="org.apache.shiro.spring.web.ShiroFilterFactoryBean">
		<property name="securityManager" ref="securityManager" />
		<property name="loginUrl" value="https://testuser.cnlive.com/OpenSSO2/login?service=http://test.mam.cnlive.com/loginsc" />
		<property name="filterChainDefinitions">
			<value>
				/loginsc = cas
				/** =user
			</value>
		</property>
		<property name="filters">
			<util:map>  
                <entry key="cas" value-ref="casFilter"/>  
            </util:map>  
		</property>
	</bean>

	<!-- CasFilter为自定义的单点登录Fileter -->  
    <bean id="casFilter" class="org.apache.shiro.cas.CasFilter">  
        <!-- 配置验证错误时的失败页面  -->  
        <property name="failureUrl" value="/"/>  
    </bean>  
  
	<bean id="casRealm" class="org.apache.shiro.cas.CasRealm">
        <property name="defaultRoles" value="default"/>
        <property name="roleAttributeNames" value="role"/>
        <property name="permissionAttributeNames" value="perm"/>
        <property name="casServerUrlPrefix" value="https://testuser.cnlive.com/OpenSSO2/"/>
        <property name="casService" value="http://test.mam.cnlive.com/loginsc"/>
        <property name="authorizationCachingEnabled" value="false"/>
    </bean>

  	<bean id="shiroDbRealm" class="com.cnlive.mam.excelTools.ShiroDbRealm">
  		<property name="authorizationCachingEnabled" value="false"/>
	</bean>

	<!--<bean id="sessionManager" class="org.apache.shiro.web.session.mgt.DefaultWebSessionManager">-->
		<!--<property name="globalSessionTimeout" value="-1000"/>-->
		<!--<property name="sessionValidationSchedulerEnabled" value="false"/>-->
	<!--</bean>-->
	
	<bean id="casSubjectFactory" class="org.apache.shiro.cas.CasSubjectFactory"/>  

	<bean id="securityManager" class="org.apache.shiro.web.mgt.DefaultWebSecurityManager">
		<property name="realms">
			<list>  
                <ref bean="casRealm"/>  
                <ref bean="shiroDbRealm"/>  
            </list>
		</property>
		<property name="subjectFactory" ref="casSubjectFactory"/>  
	</bean>



	<!-- 保证实现了Shiro内部lifecycle函数的bean执行 -->
	<bean id="lifecycleBeanPostProcessor" class="org.apache.shiro.spring.LifecycleBeanPostProcessor" />
</beans>