<?xml version="1.0" encoding="UTF-8"?>
<beans xmlns="http://www.springframework.org/schema/beans" xmlns:xsi="http://www.w3.org/2001/XMLSchema-instance"
       xmlns:task="http://www.springframework.org/schema/task"
       xsi:schemaLocation="http://www.springframework.org/schema/beans http://www.springframework.org/schema/beans/spring-beans-4.0.xsd
	http://www.springframework.org/schema/task http://www.springframework.org/schema/task/spring-task-4.0.xsd"
       default-lazy-init="true">

    <description>使用Spring的 Scheduled的定时任务配置</description>

    <!-- 定时处理待转码数据-->
    <task:scheduler id="transcodeJobScheduler" pool-size="5" />
	<bean id="transcodeJob" class="com.cnlive.mam.task.TranscodeJob"></bean>
    <task:scheduled-tasks scheduler="transcodeJobScheduler">
        <task:scheduled ref="transcodeJob" method="transcodeRequest" fixed-rate="60000"/>
    </task:scheduled-tasks>

    <!-- 定时彻底删除视频 每天凌晨1点整 -->
    <task:scheduler id="videoDeleteScheduler" pool-size="10"/>
    <bean id="videoDeleteJob" class="com.cnlive.mam.task.VideoDeleteJob"></bean>
    <task:scheduled-tasks scheduler="videoDeleteScheduler">
        <task:scheduled ref="videoDeleteJob" method="deleteVideo" cron="0 0 1 * * ? "/>
    </task:scheduled-tasks>

    <!-- 定时处理发布任务-->
    <task:scheduler id="videoPublishScheduler" pool-size="5" />
    <bean id="videoPublishJob" class="com.cnlive.mam.task.VideoPublishJob"></bean>
    <task:scheduled-tasks scheduler="videoPublishScheduler">
        <task:scheduled ref="videoPublishJob" method="videoPublishRequest" fixed-rate="60000"/>
    </task:scheduled-tasks>

    <!-- 处理前两天上传失败的任务 -1 -->
    <task:scheduler id="deleteVideoInitFail" pool-size="5"/>
    <bean id="deleteVideoInitFailJob" class="com.cnlive.mam.task.deleteVideoInitFailJob"/>
    <task:scheduled-tasks scheduler="deleteVideoInitFail">
        <task:scheduled ref="deleteVideoInitFailJob" method="deleteVideoInitFaild" cron="0 0 3 * * ? "/>
    </task:scheduled-tasks>

    <!-- 更新用户信息 8个小时执行一次 -->
    <task:scheduler id="OpenUserJobScheduler" pool-size="2"/>
    <bean id="openUserJob" class="com.cnlive.mam.task.OpenUserJob"/>
    <task:scheduled-tasks scheduler="OpenUserJobScheduler">
        <task:scheduled ref="openUserJob" method="updateUsers" initial-delay="5000"  fixed-rate="#{1000*60*8}"/>
    </task:scheduled-tasks>

</beans>